Age,Gender,Weight (kg),Height (m),Max_BPM,Avg_BPM,Resting_BPM,Session_Duration (hours),Calories_Burned,Workout_Frequency (days/week),Experience_Level,BMI,Intensity_Label
56,Male,88.3,1.71,180,157,60,1.69,1313,4,3,30.2,high
46,Female,74.9,1.53,179,151,66,1.3,883,4,2,32,high
32,Female,68.1,1.66,167,122,54,1.11,677,4,2,24.71,medium
25,Male,53.2,1.7,190,164,56,0.59,532,3,1,18.41,high
38,Male,46.1,1.79,188,158,68,0.64,556,3,1,14.39,high
56,Female,58,1.68,168,156,74,1.59,1116,5,3,20.55,high
36,Male,70.3,1.72,174,169,73,1.49,1385,3,2,23.76,high
40,Female,69.7,1.51,189,141,64,1.27,895,3,2,30.57,high
28,Male,121.7,1.94,185,127,52,1.03,719,4,2,32.34,medium
28,Male,101.8,1.84,169,136,64,1.08,808,3,1,30.07,medium
41,Male,120.8,1.67,188,146,54,0.82,593,2,1,43.31,high
53,Male,51.7,1.7,175,152,72,1.15,865,3,2,17.89,high
57,Male,112.5,1.61,195,165,61,1.24,1013,3,2,43.4,high
41,Male,94.5,2,179,136,69,1.18,794,3,1,23.62,medium
20,Male,117.7,1.81,196,161,54,1.35,1195,3,2,35.93,high
39,Female,42.5,1.75,181,131,52,1.13,740,2,1,13.88,medium
19,Female,64,1.53,166,167,58,1.33,1111,3,2,27.34,high
41,Female,43.8,1.77,182,165,58,1.19,884,3,1,13.98,high
47,Female,66.8,1.75,199,146,56,1.13,742,3,2,21.81,high
55,Female,75.2,1.67,188,167,51,1.37,1030,2,1,26.96,high
19,Male,89,1.77,175,127,72,1.5,1048,4,2,28.41,low
38,Male,71.9,1.77,197,142,72,1.12,875,2,1,22.95,high
50,Female,71,1.68,187,161,70,1.17,848,2,1,25.16,high
29,Male,120.9,1.78,197,168,65,0.78,721,2,1,38.16,high
39,Female,64.3,1.69,190,148,58,1.25,925,4,2,22.51,high
42,Female,63.7,1.71,173,169,62,1.42,1080,3,2,21.78,high
44,Male,65.2,1.8,192,139,68,0.73,502,2,1,20.12,high
59,Male,53.9,1.75,168,135,69,1.48,989,4,2,17.6,high
45,Male,84.9,1.86,186,136,66,1.64,1104,5,3,24.54,high
33,Female,78,1.68,183,135,55,1.29,871,3,2,27.64,medium
32,Male,108.2,1.8,172,138,53,1.27,964,3,1,33.4,medium
20,Female,65.4,1.52,185,127,50,1.03,654,4,2,28.31,low
54,Female,50.2,1.61,188,157,67,1.48,1046,2,1,19.37,high
24,Female,58.9,1.51,187,157,68,1.04,816,2,1,25.83,high
38,Male,81.4,1.71,187,148,58,1.52,1237,5,3,27.84,high
26,Male,127.6,1.73,167,160,62,1.32,1162,3,1,42.63,high
56,Female,59.3,1.56,182,155,57,1.26,879,4,2,24.37,high
35,Male,96.9,1.71,188,145,72,1.34,1069,3,2,33.14,high
21,Male,62.6,1.81,164,150,62,1.3,1072,4,2,19.11,medium
42,Male,45.5,1.6,166,163,64,1.31,1057,3,2,17.77,high
31,Female,48.8,1.51,195,131,60,1.48,969,2,1,21.4,medium
26,Female,44.3,1.6,186,136,61,1.08,734,3,1,17.3,medium
43,Male,113.2,1.83,161,134,63,1.45,962,4,2,33.8,medium
19,Female,60.5,1.59,184,128,53,1.14,730,2,1,23.93,low
37,Male,124.2,1.76,168,158,50,1.5,1304,2,1,40.1,high
45,Male,52.4,1.85,186,161,73,1.2,956,3,1,15.31,high
24,Male,54.7,1.74,160,167,53,0.84,772,3,1,18.07,high
25,Male,88.1,1.95,182,131,68,1.41,1016,2,1,23.17,medium
52,Female,59.7,1.71,169,151,58,1.23,836,3,1,20.42,high
31,Female,79.7,1.54,184,144,59,1.03,742,4,2,33.61,high
34,Female,51,1.62,162,158,53,1.42,1122,3,2,19.43,high
53,Male,84.2,1.76,165,137,69,1.67,1133,5,3,27.18,high
57,Male,122.1,1.89,165,134,58,1.13,750,3,1,34.18,high
21,Male,96.7,1.72,161,151,62,1.26,1046,3,1,32.69,medium
19,Female,73,1.79,177,125,61,0.81,506,3,1,22.78,low
23,Male,114.8,1.6,182,163,60,1.47,1318,4,2,44.84,high
59,Female,65.5,1.52,161,162,61,1.4,1021,3,2,28.35,high
21,Female,50.3,1.52,171,154,67,1.08,832,3,1,21.77,high
46,Female,61,1.71,181,153,61,1.67,1150,4,3,20.86,high
35,Female,44.6,1.62,196,157,65,0.56,440,2,1,16.99,high
43,Female,58.2,1.61,179,124,54,1.04,580,3,2,22.45,medium
51,Female,44.8,1.63,198,137,69,1.08,666,4,2,16.86,high
27,Male,87.5,1.63,183,135,74,1.75,1299,5,3,32.93,medium
53,Male,51.8,1.74,179,127,61,1.23,773,3,2,17.11,high
31,Female,64.4,1.7,160,144,70,1.97,1418,5,3,22.28,high
48,Female,67.1,1.61,160,151,74,0.62,421,2,1,25.89,high
32,Male,85.9,1.6,176,145,60,1.99,1587,5,3,33.55,high
25,Female,65.4,1.77,160,141,58,0.89,627,3,1,20.88,medium
31,Female,61.1,1.76,189,150,67,1.81,1358,4,3,19.72,high
40,Male,106.5,1.65,162,162,74,1.32,1176,4,2,39.12,high
57,Female,64,1.52,170,129,52,1.73,1004,5,3,27.7,high
38,Female,61.4,1.54,183,131,69,1.47,963,3,2,25.89,medium
33,Female,40.5,1.63,181,147,66,1.07,786,4,2,15.24,high
35,Male,70.1,1.79,185,125,63,1.08,743,3,2,21.88,medium
41,Male,94.1,1.62,172,139,50,1.13,777,4,2,35.86,high
43,Male,55.5,1.82,160,124,66,1.08,663,3,1,16.76,medium
42,Female,53.7,1.72,183,142,74,1.37,875,3,1,18.15,high
58,Female,66.1,1.75,169,128,57,0.63,363,2,1,21.58,high
46,Male,103.9,1.77,194,148,54,1.18,864,2,1,33.16,high
32,Female,61.7,1.58,183,135,54,1.87,1262,5,3,24.72,medium
18,Female,52.3,1.74,187,165,58,1.2,990,2,1,17.27,high
42,Female,59.5,1.74,195,141,52,1.78,1129,5,3,19.65,high
24,Female,72.9,1.76,175,127,68,0.86,546,3,1,23.53,medium
26,Female,76.7,1.63,199,139,72,1.08,751,2,1,28.87,medium
41,Male,72.1,1.83,175,133,58,1.13,744,3,2,21.53,medium
18,Female,54.8,1.68,176,158,71,1.27,1003,4,2,19.42,high
25,Male,105,1.88,174,156,67,1.34,1150,3,2,29.71,high
41,Female,55,1.55,175,169,65,1.45,1103,4,2,22.89,high
28,Male,81.6,1.66,174,153,50,1.09,917,4,2,29.61,high
34,Female,75.6,1.6,193,130,51,0.64,416,2,1,29.53,medium
25,Male,81.5,1.61,170,159,63,1.93,1688,4,3,31.44,high
52,Female,61.5,1.69,160,152,63,1.8,1231,4,3,21.53,high
52,Male,74,1.63,174,150,50,1.26,936,3,2,27.85,high
50,Female,56.4,1.59,185,163,74,1.26,924,3,1,22.31,high
22,Male,102.6,1.84,163,153,65,1.25,1052,3,2,30.3,high
59,Female,54.6,1.57,164,169,64,0.58,441,3,1,22.15,high
56,Male,129,1.78,194,126,64,1.29,805,2,1,40.71,high
58,Male,103.5,1.66,172,168,61,1.33,1106,3,1,37.56,high
45,Female,59.4,1.51,169,142,65,1.15,735,4,2,26.05,high
24,Female,60.1,1.79,170,165,63,1.97,1625,4,3,18.76,high
26,Male,77.7,1.62,177,126,73,1.16,804,3,2,29.61,medium
25,Female,41.2,1.62,193,144,64,1.49,1073,4,2,15.7,medium
29,Male,58.6,1.61,198,122,72,1.2,805,3,2,22.61,low
51,Male,109.3,1.78,182,157,64,0.54,420,3,1,34.5,high
50,Male,69.6,1.96,166,139,68,0.97,667,3,1,18.12,high
40,Female,56.2,1.79,198,153,57,1.79,1369,5,3,17.54,high
41,Male,71.7,1.96,162,168,51,0.51,424,2,1,18.66,high
54,Male,86,1.93,171,163,51,1.74,1404,5,3,23.09,high
52,Female,79.4,1.59,166,163,59,1.39,1020,3,2,31.41,high
57,Female,78.4,1.62,185,149,52,1.01,677,4,2,29.87,high
39,Female,55.4,1.6,192,136,72,1.44,979,3,2,21.64,medium
44,Female,61.7,1.55,196,129,66,1.41,819,4,2,25.68,medium
52,Male,85.5,1.82,174,154,57,1.78,1357,4,3,25.81,high
18,Male,87.6,1.93,161,139,72,1.72,1315,4,3,23.52,medium
52,Male,82.4,1.72,166,137,53,1.01,685,4,2,27.85,high
54,Male,67,1.68,191,164,63,0.55,446,3,1,23.74,high
31,Female,42.3,1.6,163,163,70,1.09,888,3,2,16.52,high
20,Male,82.7,1.99,179,146,59,1.69,1357,5,3,20.88,medium
18,Male,92.4,1.74,195,168,50,1.41,1303,2,1,30.52,high
22,Female,63.2,1.54,191,155,53,1.02,790,4,2,26.65,high
43,Male,82.7,1.85,187,142,50,1.22,858,4,2,24.16,high
31,Male,86.6,1.76,172,151,66,1.29,1071,3,2,27.96,high
56,Male,129.5,1.95,160,129,66,1,639,2,1,34.06,high
44,Male,98,1.83,194,130,56,1.28,824,4,2,29.26,medium
26,Male,86.2,1.68,189,157,72,1.97,1701,5,3,30.54,high
32,Male,78.6,1.62,195,125,69,1.28,880,3,1,29.95,medium
32,Female,59,1.66,184,160,64,0.51,408,2,1,21.41,high
43,Female,57.3,1.79,175,166,62,1.98,1479,4,3,17.88,high
59,Male,122.3,1.89,178,153,51,0.66,500,3,1,34.24,high
30,Male,85.3,1.95,160,155,68,1.61,1373,5,3,22.43,high
49,Female,45.2,1.74,164,156,73,1.24,870,3,2,14.93,high
56,Male,55.6,1.92,181,136,62,0.68,458,3,1,15.08,high
49,Male,82.8,1.95,183,159,73,1.91,1503,5,3,21.78,high
21,Male,125.2,1.66,196,159,60,1.38,1207,3,2,45.43,high
47,Female,58.5,1.79,195,131,71,1.42,837,4,2,18.26,medium
54,Male,86.1,1.95,195,140,64,1.17,811,2,1,22.64,high
40,Female,63.5,1.61,163,159,59,1.31,1041,3,2,24.5,high
56,Male,69.3,1.68,195,138,58,0.66,451,2,1,24.55,high
32,Female,70.5,1.62,177,122,58,1.24,756,2,1,26.86,medium
46,Female,60.1,1.65,175,137,69,1.69,1042,4,3,22.08,high
53,Male,94.1,1.95,177,138,50,0.89,608,3,1,24.75,high
30,Female,79.2,1.62,181,166,66,1.26,1046,4,2,30.18,high
49,Male,115.3,1.91,161,125,61,1.38,854,2,1,31.61,medium
24,Female,62.9,1.79,180,135,59,1.42,958,4,2,19.63,medium
39,Male,62,1.64,195,127,54,0.97,678,3,1,23.05,medium
45,Male,88.5,1.78,198,167,67,1.53,1265,4,3,27.93,high
19,Female,73.9,1.77,198,137,64,1.28,877,3,2,23.59,medium
59,Male,50.3,1.95,188,167,55,1.07,885,3,1,13.23,high
23,Male,83.1,1.8,185,162,56,0.7,624,3,1,25.65,high
45,Female,65.1,1.78,180,158,66,1.46,1038,3,1,20.55,high
45,Male,46.6,1.79,176,168,55,1.46,1214,3,2,14.54,high
37,Male,103.5,1.89,175,168,57,0.54,499,2,1,28.97,high
47,Female,61.9,1.54,190,131,61,1.95,1150,4,3,26.1,medium
28,Female,52,1.61,168,164,70,1.32,1082,3,2,20.06,high
45,Male,113.4,1.71,190,129,63,0.83,530,2,1,38.78,medium
42,Male,62.9,1.98,173,126,61,1.42,886,4,2,16.04,medium
56,Female,40.4,1.8,196,165,72,1.23,913,4,2,12.47,high
50,Female,67.1,1.75,161,120,59,0.67,362,3,1,21.91,medium
18,Male,70,1.61,173,168,71,1.3,1201,2,1,27.01,high
44,Female,69.5,1.75,192,155,69,1.02,711,3,1,22.69,high
30,Male,107.9,1.66,194,140,64,1.08,832,3,2,39.16,medium
58,Male,109,1.91,198,156,56,1.49,1151,3,2,29.88,high
20,Male,101,1.91,179,143,58,1.36,1070,3,2,27.69,medium
56,Male,88.5,1.85,161,144,59,1.57,1119,4,3,25.86,high
23,Male,80.9,1.8,178,126,59,1.55,1074,4,3,24.97,low
25,Female,43.1,1.62,196,161,65,1.04,837,4,2,16.42,high
44,Female,59.1,1.52,177,136,56,1.58,967,5,3,25.58,high
26,Female,54,1.53,175,148,54,1.14,844,3,1,23.07,high
54,Female,72.3,1.78,163,149,72,1.27,852,2,1,22.82,high
50,Male,51.1,1.98,171,126,52,0.92,574,2,1,13.03,medium
59,Male,89.4,1.72,188,152,67,1.08,813,3,1,30.22,high
41,Male,51.5,1.8,166,126,60,1.09,680,4,2,15.9,medium
32,Male,87.9,1.88,173,143,64,1.52,1195,5,3,24.87,high
49,Female,42,1.52,171,130,70,1.1,644,3,1,18.18,high
49,Male,79.2,1.72,194,128,69,1.46,925,3,1,26.77,medium
41,Male,64.8,1.71,164,131,54,1.2,778,3,2,22.16,medium
58,Female,63,1.78,176,154,73,1.58,1095,4,3,19.88,high
29,Female,56.2,1.77,191,123,61,0.68,418,3,1,17.94,medium
56,Female,52.9,1.64,169,155,53,1.1,767,3,2,19.67,high
19,Female,49,1.69,176,147,64,1.05,772,3,1,17.16,medium
20,Male,128.2,1.84,164,132,58,0.83,603,3,1,37.87,medium
54,Male,83.6,1.86,168,142,56,1.54,1082,5,3,24.16,high
34,Female,56.2,1.77,192,138,59,1.81,1249,5,3,17.94,medium
19,Male,87.8,1.78,195,161,72,1.28,1133,2,1,27.71,high
19,Male,85.9,1.85,195,156,62,1.66,1424,4,3,25.1,high
45,Male,51.1,1.87,177,158,57,1.44,1126,4,2,14.61,high
40,Female,57.4,1.71,168,143,61,1.87,1337,5,3,19.63,high
54,Male,114.9,1.92,188,135,71,1.2,802,4,2,31.17,high
49,Female,62.1,1.66,173,152,73,1.37,937,3,2,22.54,high
50,Male,57.1,1.91,184,131,68,1.09,707,4,2,15.65,high
18,Male,68.1,1.8,174,153,50,1.1,926,4,2,21.02,medium
36,Male,69.2,1.65,165,126,65,1.23,852,3,1,25.42,medium
19,Female,65.2,1.52,188,130,71,1.23,800,3,1,28.22,medium
43,Male,108.6,1.73,174,150,66,1.33,988,2,1,36.29,high
49,Female,40,1.65,188,148,74,1.03,686,3,2,14.69,high
23,Female,41.9,1.58,163,132,67,0.56,370,3,1,16.78,medium
49,Female,68.3,1.52,177,150,60,1.45,979,4,2,29.56,high
21,Male,88.4,1.6,198,121,67,1.71,1138,4,3,34.53,low
28,Male,66,1.9,175,158,56,1.18,1025,3,1,18.28,high
34,Male,71.9,1.64,170,134,67,1.26,929,4,2,26.73,medium
55,Male,75.6,1.71,173,130,57,1.03,663,4,2,25.85,high
41,Female,63.4,1.59,162,153,55,1.84,1267,5,3,25.08,high
22,Female,71.6,1.77,197,158,56,1.49,1177,3,1,22.85,high
51,Female,57.4,1.77,177,123,72,1.08,598,4,2,18.32,medium
23,Male,83.8,1.99,179,130,71,1.79,1280,4,3,21.16,medium
39,Female,55.9,1.71,184,148,59,1.95,1443,5,3,19.12,high
28,Male,87,1.76,197,121,60,1.2,799,3,2,28.09,low
33,Female,65.3,1.71,172,135,74,1.18,796,4,2,22.33,medium
50,Male,45.4,1.67,163,158,62,1.37,1071,4,2,16.28,high
26,Male,87.1,1.87,173,132,58,1.71,1241,4,3,24.91,medium
23,Female,78.6,1.73,192,156,56,1.47,1147,4,2,26.26,high
33,Female,78,1.71,187,136,58,1.08,734,3,1,26.67,medium
46,Female,58,1.53,196,140,62,1.83,1153,4,3,24.78,high
20,Female,71.3,1.69,167,163,52,1.28,1043,3,2,24.96,high
37,Male,49.1,1.74,193,138,52,1.11,842,3,2,16.22,medium
53,Female,78.3,1.65,164,126,50,1.24,703,3,1,28.76,medium
36,Female,57.3,1.64,164,157,70,1.13,887,4,2,21.3,high
43,Female,48.4,1.61,190,127,69,1.28,732,2,1,18.67,medium
20,Male,76.4,1.62,168,132,51,1.35,980,4,2,29.11,medium
36,Male,110.2,1.77,191,156,74,1.19,1021,2,1,35.18,high
37,Female,72.9,1.76,192,121,52,1.21,732,3,2,23.53,medium
49,Male,82.1,1.86,162,160,64,1.87,1481,4,3,23.73,high
24,Female,58.9,1.76,189,130,73,0.63,410,3,1,19.01,medium
58,Male,82.2,1.87,171,143,55,1.57,1111,4,3,23.51,high
50,Male,96.7,1.72,188,125,62,1.46,903,3,2,32.69,medium
57,Male,81.4,1.86,162,145,70,1.8,1292,5,3,23.53,high
56,Male,107.8,1.73,185,126,50,1.09,680,3,2,36.02,high
35,Female,65.8,1.62,189,158,69,1,790,4,2,25.07,high
57,Female,68.5,1.56,168,138,68,1.45,900,4,2,28.15,high
18,Female,63.9,1.59,185,125,50,1.87,1169,4,3,25.28,low
28,Male,76.3,1.62,161,162,70,1.16,1034,3,2,29.07,high
45,Female,44.5,1.65,162,148,71,1.44,959,3,1,16.35,high
42,Female,50.7,1.75,163,162,51,1.29,940,3,2,16.56,high
40,Female,55.1,1.61,184,158,64,1.55,1224,4,3,21.26,high
48,Male,73.7,1.61,172,121,63,1.36,815,4,2,28.43,medium
47,Male,55.6,1.77,198,138,68,1.2,820,4,2,17.75,high
59,Male,86.9,1.76,194,123,60,1.13,688,3,2,28.05,high
52,Female,60.3,1.68,182,125,64,1.6,900,4,3,21.36,medium
24,Female,40.4,1.64,168,168,55,0.99,832,2,1,15.02,high
33,Female,78.5,1.66,161,156,69,1.29,1006,4,2,28.49,high
43,Male,102.6,1.72,190,147,58,0.82,597,2,1,34.68,high
19,Male,110.8,1.91,161,149,54,1.31,1074,2,1,30.37,medium
18,Female,60.9,1.79,191,126,69,1.11,699,2,1,19.01,low
29,Male,55.7,1.61,177,128,51,1.41,993,3,1,21.49,medium
22,Male,110.5,1.92,172,144,55,1.16,919,3,2,29.98,medium
54,Male,55.2,1.71,164,152,67,0.77,579,2,1,18.88,high
49,Male,46.5,1.72,169,120,72,1.4,832,4,2,15.72,medium
26,Female,70.9,1.66,184,125,68,0.81,506,3,1,25.73,medium
58,Male,74.6,1.75,193,137,58,1.09,739,2,1,24.36,high
52,Male,45.1,1.72,196,129,70,0.93,594,2,1,15.24,high
36,Male,99.9,1.99,189,147,73,1.33,1075,3,1,25.23,high
33,Male,117,1.61,166,130,55,1.04,744,3,2,45.14,medium
20,Female,75.9,1.73,165,152,63,1.39,1056,4,2,25.36,high
37,Female,71.2,1.64,162,120,73,1.11,666,3,2,26.47,medium
41,Male,78.8,1.72,172,132,62,1.01,660,4,2,26.64,medium
50,Male,50.6,1.69,162,156,60,1.31,1012,2,1,17.72,high
41,Male,82.5,1.79,185,139,61,1.69,1163,4,3,25.75,high
28,Male,108.5,1.79,183,120,68,1.33,878,4,2,33.86,low
25,Male,49.9,1.98,165,122,68,1.15,772,3,2,12.73,low
53,Male,125.1,1.91,171,137,70,0.52,353,2,1,34.29,high
55,Female,79.7,1.66,195,160,68,1.06,763,2,1,28.92,high
57,Male,126.8,1.63,161,133,73,0.96,632,2,1,47.72,high
37,Female,54.6,1.57,170,150,62,1.31,982,3,1,22.15,high
52,Female,47.8,1.54,198,146,63,1.34,880,3,2,20.16,high
42,Male,97.9,1.91,193,136,73,1.01,680,3,2,26.84,high
52,Female,63.1,1.54,185,165,67,1.36,1010,3,2,26.61,high
42,Female,72.4,1.69,177,148,61,1.07,713,3,2,25.35,high
46,Female,58.9,1.7,180,155,53,1.52,1060,4,3,20.38,high
35,Female,50.4,1.6,195,156,59,1.03,803,4,2,19.69,high
35,Female,64.2,1.59,199,145,66,1.63,1182,5,3,25.39,high
19,Female,58.8,1.77,181,136,53,1.4,952,2,1,18.77,medium
52,Male,105.2,1.62,189,141,61,1.36,949,3,1,40.09,high
33,Female,45.9,1.5,189,144,62,0.92,662,3,1,20.4,high
58,Female,65.2,1.63,167,121,53,1.12,610,3,2,24.54,medium
53,Female,56.3,1.79,193,141,59,1.52,964,5,3,17.57,high
50,Male,90,1.7,168,124,74,0.81,497,2,1,31.14,medium
21,Female,60,1.7,179,123,52,1.97,1212,5,3,20.76,low
50,Male,51.5,1.71,199,155,64,1.48,1136,2,1,17.61,high
31,Female,63.1,1.64,184,125,51,1.54,962,4,3,23.46,medium
38,Male,91.5,1.77,178,140,74,0.8,616,2,1,29.21,high
37,Male,48.7,1.67,164,132,74,1.39,1009,2,1,17.46,medium
25,Female,57.8,1.56,170,156,66,1.35,1053,3,2,23.75,high
24,Female,42,1.75,174,144,55,0.83,598,3,1,13.71,medium
20,Male,128.4,1.92,167,145,57,0.63,502,2,1,34.83,medium
34,Female,74.2,1.57,178,158,52,1.47,1161,3,1,30.1,high
50,Male,89.6,1.68,182,139,74,1.79,1232,5,3,31.75,high
29,Male,125.9,2,186,152,67,1.36,1137,4,2,31.48,high
39,Male,105.5,1.99,199,133,71,0.81,593,2,1,26.64,medium
39,Male,93.4,1.7,191,155,50,1.1,938,4,2,32.32,high
47,Male,82.1,1.84,185,136,65,1.37,922,4,2,24.25,high
55,Female,42.9,1.69,186,140,56,0.9,567,2,1,15.02,high
55,Male,128.4,1.68,178,165,52,1.13,923,4,2,45.49,high
25,Male,112.4,1.96,188,135,72,1.42,1054,2,1,29.26,medium
44,Female,77.7,1.79,198,165,53,1.41,1047,3,1,24.25,high
44,Male,89.3,1.99,192,135,58,1.4,936,4,2,22.55,high
51,Female,70.3,1.55,178,139,54,1.4,876,3,1,29.26,high
38,Female,59.1,1.72,196,148,68,1.07,792,3,2,19.98,high
47,Female,49.9,1.69,178,147,64,1.48,979,3,2,17.47,high
50,Male,101.7,1.67,192,127,57,0.53,333,2,1,36.47,medium
45,Male,93,1.91,175,143,55,1.03,729,3,2,25.49,high
50,Male,87.4,1.6,182,122,67,0.77,465,2,1,34.14,medium
22,Female,55.1,1.61,166,144,68,1.62,1166,4,3,21.26,medium
36,Male,123.7,1.69,185,138,73,1.3,987,4,2,43.31,medium
21,Female,61.3,1.57,191,152,64,1.94,1474,4,3,24.87,high
52,Male,72.3,1.94,171,121,56,1.46,874,3,2,19.21,medium
34,Female,69.2,1.53,167,134,59,1.36,911,2,1,29.56,medium
45,Male,81.4,1.61,164,141,55,1.14,796,4,2,31.4,high
47,Male,84.8,1.86,187,129,63,1.85,1181,5,3,24.51,medium
46,Male,55.1,1.72,164,137,66,1.43,970,3,2,18.62,high
23,Female,59,1.78,185,141,58,1.67,1177,5,3,18.62,medium
52,Female,64.9,1.51,164,165,68,1.83,1359,4,3,28.46,high
58,Male,109.7,1.75,181,168,54,1.01,840,2,1,35.82,high
54,Male,78.4,1.9,174,146,72,0.81,585,2,1,21.72,high
41,Female,76.7,1.79,172,132,56,1.4,832,4,2,23.94,medium
46,Female,63.1,1.61,187,152,68,1,684,4,2,24.34,high
48,Female,62.9,1.58,192,124,69,1.98,1105,4,3,25.2,medium
52,Male,85.6,1.74,182,145,56,1.84,1321,4,3,28.27,high
50,Female,66.3,1.57,192,132,73,1.25,742,2,1,26.9,high
38,Male,61.3,1.97,177,146,51,1.37,1100,3,1,15.8,high
49,Female,44.1,1.65,189,133,74,1.16,694,4,2,16.2,high
40,Male,63.8,1.62,185,143,72,1.3,1022,2,1,24.31,high
50,Female,55.4,1.55,175,122,65,1.85,1016,4,3,23.06,medium
20,Female,74.7,1.58,172,166,62,1.04,863,3,2,29.92,high
35,Female,78,1.67,198,168,57,1.13,949,4,2,27.97,high
42,Female,57.5,1.67,192,149,55,1.14,764,2,1,20.62,high
59,Female,60.7,1.73,185,154,55,1.03,714,3,2,20.28,high
48,Male,69,1.74,160,167,58,1.48,1223,3,2,22.79,high
20,Female,75.8,1.78,197,133,53,1.42,944,4,2,23.92,medium
57,Female,75.7,1.63,161,131,60,0.69,407,3,1,28.49,high
41,Female,71.2,1.64,165,147,54,1.42,939,3,2,26.47,high
49,Male,85,1.68,197,163,74,1.82,1468,4,3,30.12,high
39,Female,63.6,1.56,183,148,66,1.22,903,2,1,26.13,high
40,Male,73.2,1.94,177,162,69,0.81,722,2,1,19.45,high
19,Female,48.3,1.52,186,136,56,0.96,653,2,1,20.91,medium
44,Female,42.8,1.78,167,159,64,1.49,1066,3,2,13.51,high
59,Male,88.1,1.76,187,168,74,1.35,1123,3,2,28.44,high
19,Female,72.4,1.75,169,140,64,1.2,840,4,2,23.64,medium
43,Male,73.2,1.88,176,142,63,1.17,822,3,1,20.71,high
34,Male,110.5,1.86,188,139,62,1.42,1086,2,1,31.94,medium
57,Female,46.1,1.76,165,130,60,1.44,842,3,2,14.88,high
50,Male,90.8,1.71,173,153,62,1.07,810,4,2,31.05,high
26,Female,59.3,1.51,181,129,71,1.7,1096,5,3,26.01,medium
56,Female,45.1,1.73,165,129,73,0.83,482,3,1,15.07,high
46,Male,45,1.77,185,162,58,1.48,1187,3,2,14.36,high
59,Male,89.4,1.62,198,125,59,1.43,885,3,2,34.06,high
43,Male,127.7,1.69,171,155,53,1.14,875,3,2,44.71,high
52,Male,70.9,1.72,194,143,66,1.31,927,3,2,23.97,high
42,Female,49.2,1.5,173,131,63,1.15,678,3,2,21.87,medium
41,Female,62.3,1.79,181,162,73,1.99,1451,5,3,19.44,high
30,Male,64.1,1.87,182,142,67,0.64,500,2,1,18.33,medium
24,Female,69.7,1.75,166,146,60,1.41,1029,3,1,22.76,medium
53,Female,56.9,1.59,199,164,65,1.49,1100,3,2,22.51,high
37,Female,53,1.71,184,156,50,1.13,881,4,2,18.13,high
18,Female,72.7,1.55,172,125,56,0.84,525,3,1,30.26,low
25,Male,76.5,1.96,180,120,59,0.67,442,3,1,19.91,low
33,Male,113.6,1.99,169,125,58,1.38,949,2,1,28.69,medium
31,Female,62.5,1.62,168,169,74,1.56,1318,4,3,23.81,high
29,Male,95.2,1.86,174,141,52,0.64,496,2,1,27.52,medium
40,Male,51.7,1.82,161,160,71,0.9,792,3,1,15.61,high
32,Male,105.3,1.67,184,143,72,0.57,448,3,1,37.76,high
45,Female,71.2,1.68,172,144,63,1.37,888,3,1,25.23,high
51,Female,78.1,1.51,193,134,74,0.92,555,3,1,34.25,high
19,Female,50.6,1.68,193,145,64,1.21,877,3,2,17.93,medium
49,Male,70.2,1.89,194,127,51,0.7,440,3,1,19.65,medium
40,Female,62.6,1.53,197,143,73,1.93,1380,5,3,26.74,high
39,Female,60.6,1.65,162,167,63,0.92,768,3,1,22.26,high
42,Male,76.4,1.97,165,157,65,1.14,886,3,2,19.69,high
39,Female,63.3,1.71,178,125,56,1.88,1175,4,3,21.65,medium
39,Female,68.6,1.64,162,154,53,1.33,1024,3,2,25.51,high
59,Male,123.3,1.88,177,161,67,1.3,1036,4,2,34.89,high
23,Male,107,1.94,198,120,73,1.35,891,2,1,28.43,low
32,Male,68.3,1.92,168,165,54,1.42,1289,2,1,18.53,high
54,Female,47.8,1.6,171,155,55,1.19,830,4,2,18.67,high
50,Female,58.4,1.79,164,131,56,1.6,943,4,3,18.23,high
25,Female,74.3,1.71,162,157,64,1.43,1123,3,2,25.41,high
22,Male,106.8,1.82,170,130,50,1,715,4,2,32.24,medium
56,Male,125.5,1.8,189,131,73,1.26,817,4,2,38.73,high
21,Female,55.2,1.55,163,161,53,1.37,1103,4,2,22.98,high
23,Female,71.4,1.72,164,169,74,1.25,1056,2,1,24.13,high
49,Male,77.7,1.61,160,158,50,1.03,806,3,2,29.98,high
47,Male,88.4,1.6,186,126,60,1.86,1160,5,3,34.53,medium
52,Male,104.8,1.99,187,130,67,0.93,598,2,1,26.46,high
57,Male,82.2,1.69,188,155,63,1.15,882,4,2,28.78,high
33,Female,68.2,1.75,177,150,71,0.85,638,2,1,22.27,high
30,Male,91.4,1.99,171,152,60,1.37,1145,3,2,23.08,high
59,Female,42.1,1.65,172,132,59,1.22,725,2,1,15.46,high
47,Female,68.7,1.76,161,137,66,1.37,845,3,2,22.18,high
36,Female,47.2,1.74,196,160,53,1.5,1200,4,2,15.59,high
34,Male,92,1.76,175,143,73,0.73,574,3,1,29.7,high
36,Male,56.2,1.95,183,128,64,1.09,767,4,2,14.78,medium
45,Male,58.4,1.72,194,150,65,1.31,973,4,2,19.74,high
43,Male,82.9,1.95,181,160,70,1.9,1505,5,3,21.8,high
54,Female,66.9,1.74,195,129,62,1.24,720,2,1,22.1,high
43,Male,66.3,1.85,170,121,58,1.18,707,2,1,19.37,medium
40,Male,93.6,1.93,188,157,60,1.38,1192,3,1,25.13,high
26,Female,64.1,1.5,194,134,60,1.93,1293,5,3,28.49,medium
29,Male,86.7,1.62,174,122,55,1.52,1020,4,3,33.04,low
18,Female,62,1.59,190,162,50,1.23,996,4,2,24.52,high
18,Female,58.1,1.61,175,150,71,1.9,1425,4,3,22.41,medium
51,Female,64.9,1.6,169,125,55,1.49,838,4,2,25.35,medium
49,Female,69.3,1.62,191,122,62,1.14,626,4,2,26.41,medium
42,Female,42.7,1.74,161,130,71,1.04,608,3,1,14.1,medium
57,Female,51.4,1.63,183,134,73,1.2,724,4,2,19.35,high
18,Female,67.4,1.6,182,164,71,0.6,492,3,1,26.33,high
33,Female,55.6,1.61,161,147,54,1.77,1301,4,3,21.45,high
56,Male,125.3,1.86,197,129,64,1,639,3,2,36.22,high
22,Male,102.1,1.85,190,157,67,1.48,1278,4,2,29.83,high
39,Male,61.9,1.77,199,166,69,1.32,1205,3,1,19.76,high
46,Male,108.8,1.64,185,169,63,1.4,1171,3,1,40.45,high
20,Female,51.1,1.58,188,169,64,0.5,422,2,1,20.47,high
29,Male,81.7,1.99,162,126,54,1.45,1005,2,1,20.63,medium
43,Female,42.7,1.66,173,134,53,0.73,440,2,1,15.5,medium
33,Male,81.8,1.99,184,137,51,1.59,1198,4,3,20.66,medium
54,Male,54.6,1.76,160,137,56,1.28,868,4,2,17.63,high
39,Male,107.7,1.88,162,160,59,0.72,634,2,1,30.47,high
46,Female,56.9,1.6,185,143,65,0.88,566,3,1,22.23,high
31,Male,78.8,1.71,177,121,59,1.49,992,4,2,26.95,medium
45,Female,48.2,1.64,168,159,67,1.25,894,4,2,17.92,high
22,Female,50.7,1.59,197,139,66,1.27,883,3,2,20.05,medium
47,Male,86.6,1.99,182,153,70,1.98,1500,4,3,21.87,high
22,Male,96.3,1.63,180,162,62,1.35,1203,4,2,36.25,high
29,Male,80.8,1.98,160,145,50,1.65,1316,5,3,20.61,medium
33,Female,58,1.53,180,126,50,1.84,1159,5,3,24.78,medium
43,Male,95.9,1.85,186,157,64,1.28,995,2,1,28.02,high
43,Female,61.5,1.58,165,149,50,1.86,1247,5,3,24.64,high
38,Female,40.6,1.79,195,161,55,0.62,499,2,1,12.67,high
56,Male,82.5,1.87,187,124,74,1.51,927,5,3,23.59,medium
53,Male,105.1,1.84,176,130,62,0.69,444,3,1,31.04,high
50,Female,58.1,1.58,199,120,50,1.93,1042,5,3,23.27,medium
47,Female,61,1.76,162,153,54,1.54,1060,5,3,19.69,high
54,Female,64.5,1.53,171,120,58,1.74,940,4,3,27.55,medium
40,Male,58.2,1.98,198,138,74,1.43,1085,3,2,14.85,high
27,Female,69.5,1.76,171,121,66,0.94,569,3,1,22.44,low
22,Male,62.2,1.84,161,140,65,0.51,393,3,1,18.37,medium
53,Female,68,1.7,181,139,57,1.06,663,4,2,23.53,high
51,Female,56.3,1.5,182,142,66,1.43,914,3,1,25.02,high
48,Male,94.5,1.7,189,140,64,1.01,700,3,2,32.7,high
27,Female,58,1.79,164,143,73,1.39,994,2,1,18.1,medium
36,Male,84,1.94,168,123,50,1.8,1218,5,3,22.32,medium
49,Male,61,1.87,180,131,61,1.14,739,4,2,17.44,high
18,Female,64.8,1.53,170,141,54,1.98,1396,5,3,27.68,medium
22,Male,45.7,1.77,164,139,73,1.04,795,3,1,14.59,medium
21,Male,80.9,1.9,194,137,55,1.8,1356,4,3,22.41,medium
33,Female,64.1,1.63,186,120,74,1.58,948,5,3,24.13,medium
41,Male,67,1.77,161,149,50,1.22,900,3,2,21.39,high
33,Male,106.5,1.6,183,152,74,1.4,1170,4,2,41.6,high
19,Male,95.1,1.85,190,143,50,1.21,952,4,2,27.79,medium
45,Female,65.5,1.57,192,133,59,0.66,395,2,1,26.57,high
49,Male,105.7,1.64,198,155,59,1.2,921,3,2,39.3,high
44,Female,48,1.76,189,124,52,0.88,491,2,1,15.5,medium
37,Female,69.5,1.5,196,130,66,0.69,448,2,1,30.89,medium
41,Male,66.1,1.69,187,143,68,0.77,545,2,1,23.14,high
29,Male,68,1.7,190,150,60,0.76,627,2,1,23.53,high
52,Male,50.3,1.78,170,132,67,0.85,555,2,1,15.88,high
50,Female,69.3,1.68,182,135,51,1.2,729,2,1,24.55,high
50,Male,86.7,1.63,161,143,58,1.7,1203,4,3,32.63,high
54,Male,125.9,1.94,199,132,73,1.35,882,3,2,33.45,high
29,Male,88.1,1.93,186,143,66,1.88,1479,5,3,23.65,medium
20,Male,124.3,1.82,194,145,63,1.25,997,3,2,37.53,medium
18,Male,62,1.85,161,121,53,0.88,586,3,1,18.12,low
50,Female,69.7,1.72,198,135,66,1.24,753,4,2,23.56,high
57,Female,60.9,1.52,196,157,66,1.31,926,3,2,26.36,high
27,Male,76.5,1.97,180,165,61,1.13,1025,2,1,19.71,high
46,Male,94.7,1.82,164,120,69,1.47,873,3,2,28.59,medium
30,Male,67.9,1.75,180,168,67,1.25,1155,2,1,22.17,high
29,Male,121.1,1.87,188,130,52,1.31,937,4,2,34.63,medium
48,Female,71.5,1.64,179,154,60,1.46,1012,4,2,26.58,high
19,Male,98.6,1.7,197,162,74,0.83,740,2,1,34.12,high
52,Female,68.2,1.63,179,148,67,1.17,779,3,1,25.67,high
40,Female,57.7,1.69,184,156,53,1.18,920,4,2,20.2,high
34,Male,124.6,1.63,161,136,66,1.41,1055,3,2,46.9,medium
43,Female,73,1.59,191,158,67,1.31,931,3,1,28.88,high
25,Female,59.4,1.51,185,161,54,1.62,1304,5,3,26.05,high
46,Female,52,1.65,165,147,63,0.7,463,2,1,19.1,high
43,Female,42.2,1.65,162,148,59,1.33,886,3,2,15.5,high
27,Male,89.3,1.64,192,162,64,1.82,1622,4,3,33.2,high
43,Male,110,1.76,160,122,50,1.09,658,3,1,35.51,medium
51,Female,66.2,1.58,164,129,65,0.86,499,3,1,26.52,high
58,Male,58.6,1.66,172,161,60,1.21,964,2,1,21.27,high
24,Male,51,1.67,178,133,72,0.97,710,3,1,18.29,medium
21,Male,101.5,1.95,171,131,69,0.97,699,3,1,26.69,medium
28,Male,114.2,1.87,184,166,55,1.05,959,3,2,32.66,high
46,Male,54.4,1.72,194,161,73,0.91,725,2,1,18.39,high
53,Female,52.4,1.57,171,149,71,1.34,898,3,2,21.26,high
42,Male,85.2,1.81,189,151,65,1.54,1151,5,3,26.01,high
38,Male,83.6,1.74,164,151,51,1.66,1379,5,3,27.61,high
53,Male,115.4,1.92,193,161,50,1.36,1084,4,2,31.3,high
27,Male,71.2,1.97,181,151,73,0.74,615,3,1,18.35,high
54,Female,78.1,1.6,198,145,73,1.1,718,4,2,30.51,high
26,Female,54.2,1.65,172,120,58,1.07,642,4,2,19.91,low
41,Female,77.6,1.76,162,161,71,1.27,920,4,2,25.05,high
52,Female,44.1,1.62,179,121,61,1.41,768,3,1,16.8,medium
52,Male,85.5,1.8,190,136,66,1.7,1144,5,3,26.39,high
53,Female,47.8,1.76,164,149,74,1.06,711,4,2,15.43,high
35,Male,102.5,1.94,183,158,64,0.84,730,2,1,27.23,high
56,Male,118,1.9,199,126,68,0.66,412,2,1,32.69,high
49,Male,82.3,1.84,192,146,71,1.29,932,4,2,24.31,high
41,Male,81.6,1.87,167,128,59,1.87,1185,5,3,23.33,medium
40,Male,60.2,1.88,183,141,61,1.22,946,3,2,17.03,high
49,Female,49.2,1.54,179,153,63,1.28,881,3,2,20.75,high
54,Female,46.6,1.5,175,165,58,1.38,1025,2,1,20.71,high
29,Female,68.7,1.72,171,168,62,1.08,907,4,2,23.22,high
30,Female,60.6,1.55,172,120,52,1.3,780,3,2,25.22,low
40,Male,52.1,1.61,198,128,70,0.87,612,2,1,20.1,medium
42,Female,46.6,1.77,184,139,63,0.61,382,2,1,14.87,high
52,Male,65.5,1.74,191,138,70,1.48,1011,4,2,21.63,high
58,Female,44.2,1.57,183,155,59,1.08,753,3,1,17.93,high
47,Male,89.1,1.84,168,159,65,1.44,1133,3,2,26.32,high
34,Male,65.9,1.62,199,164,56,0.81,731,2,1,25.11,high
37,Female,55.6,1.57,182,123,53,0.97,597,2,1,22.56,medium
42,Male,63.7,1.98,172,128,69,1.37,868,2,1,16.25,medium
39,Male,86.2,1.82,191,160,72,1.96,1725,5,3,26.02,high
30,Female,59.2,1.63,174,141,74,1.85,1304,4,3,22.28,medium
36,Male,85.4,1.88,195,137,60,1.98,1492,5,3,24.16,medium
53,Female,68.1,1.55,164,131,65,1.41,831,4,2,28.35,high
29,Female,60,1.62,181,161,69,0.85,684,2,1,22.86,high
58,Female,74.8,1.69,175,162,53,1.28,933,4,2,26.19,high
36,Male,90.3,1.65,169,158,71,1.38,1199,4,2,33.17,high
29,Male,86.1,1.65,183,128,71,1.66,1169,4,3,31.63,medium
26,Male,73.7,1.66,177,125,72,0.93,639,2,1,26.75,medium
24,Female,67.7,1.56,177,138,66,1.42,980,3,2,27.82,medium
45,Male,78.3,1.96,166,167,62,1.29,1066,3,1,20.38,high
31,Female,48.2,1.65,163,166,60,1.1,913,2,1,17.7,high
48,Female,56.8,1.51,185,126,52,1.37,777,4,2,24.91,medium
36,Male,112.4,1.63,164,135,58,1.02,757,4,2,42.3,medium
33,Female,59,1.67,175,124,55,0.9,558,3,1,21.16,medium
22,Male,98.4,1.88,194,135,71,0.52,386,2,1,27.84,medium
52,Male,66.5,1.6,185,120,70,1.34,796,4,2,25.98,medium
29,Male,106.5,1.81,177,156,60,1.29,1107,4,2,32.51,high
42,Male,88.4,1.93,188,158,65,1.68,1314,4,3,23.73,high
38,Male,88.4,1.79,182,138,68,1.74,1321,5,3,27.59,medium
53,Female,53.3,1.74,173,156,54,1.37,962,3,2,17.6,high
40,Female,58.1,1.56,174,136,63,0.61,415,2,1,23.87,medium
33,Female,74.2,1.76,192,145,66,1.15,834,4,2,23.95,high
56,Male,84.6,1.63,184,141,52,1.01,705,4,2,31.84,high
59,Male,78,1.92,180,127,53,0.72,453,3,1,21.16,high
56,Male,89,1.68,176,152,65,1.77,1332,5,3,31.53,high
31,Female,42.7,1.76,182,121,65,1.46,883,3,1,13.78,medium
48,Male,83.9,1.82,176,149,70,1.9,1401,5,3,25.33,high
22,Female,78.7,1.52,173,166,74,1.45,1204,3,2,34.06,high
52,Female,65.9,1.52,188,139,53,1.27,794,4,2,28.52,high
40,Male,76.9,1.92,179,137,68,1.13,851,4,2,20.86,high
46,Male,84.3,2,189,162,66,1.83,1467,5,3,21.07,high
28,Female,62.4,1.6,178,129,62,1.1,710,3,2,24.37,medium
35,Male,63.7,1.74,198,143,71,1.03,810,4,2,21.04,high
29,Female,54.9,1.52,172,123,72,1.48,910,3,1,23.76,medium
26,Male,76.4,1.79,177,156,73,1.17,1004,3,2,23.84,high
27,Male,106.4,1.86,182,123,50,1.34,907,2,1,30.76,low
34,Female,68.4,1.5,192,132,61,1.37,904,4,2,30.4,medium
55,Male,63.5,1.86,198,144,53,1.36,969,4,2,18.35,high
24,Female,59.4,1.5,199,132,60,1.25,825,3,2,26.4,medium
30,Male,113.4,1.91,177,137,54,1.27,957,3,1,31.08,medium
57,Female,61.9,1.52,168,143,51,0.92,592,3,1,26.79,high
59,Female,70.7,1.68,192,121,66,1.17,637,3,2,25.05,medium
26,Male,111.5,1.9,191,167,57,1.02,937,2,1,30.89,high
44,Female,72.1,1.66,176,152,55,1.4,958,2,1,26.16,high
19,Male,56.9,1.87,178,138,70,0.61,463,3,1,16.27,medium
22,Male,86.2,1.9,186,128,58,1.91,1345,5,3,23.88,medium
46,Male,59.4,1.68,165,147,62,1.16,844,4,2,21.05,high
54,Female,75.6,1.72,194,154,60,0.97,672,3,1,25.55,high
55,Female,76.3,1.73,196,158,65,1.08,768,3,1,25.49,high
36,Male,95.8,1.86,193,129,65,1.37,972,3,1,27.69,medium
25,Male,120.6,1.83,179,120,51,1.04,686,3,2,36.01,low
18,Female,65.3,1.55,184,161,59,1.42,1143,3,2,27.18,high
39,Male,85.3,1.89,163,140,61,0.77,593,2,1,23.88,high
34,Male,68,1.68,169,128,57,0.67,472,2,1,24.09,medium
24,Female,52.6,1.57,169,166,60,1.29,1071,2,1,21.34,high
42,Male,63.3,1.77,183,134,59,1.32,876,3,2,20.2,medium
21,Female,76.3,1.65,180,154,62,1.14,878,3,2,28.03,high
53,Male,61,1.63,170,124,74,0.54,331,3,1,22.96,medium
23,Female,67.8,1.61,186,160,66,1.34,1072,2,1,26.16,high
48,Male,114.9,1.86,175,141,56,1.36,949,3,1,33.21,high
36,Male,88,1.71,185,160,73,1.87,1646,5,3,30.09,high
56,Female,67.7,1.58,189,142,52,1.45,927,2,1,27.12,high
44,Male,124.8,1.85,175,126,69,1.35,842,4,2,36.46,medium
27,Female,53,1.58,166,142,62,1.26,895,4,2,21.23,medium
43,Male,61.2,1.88,175,163,68,1.03,831,3,1,17.32,high
36,Female,48.7,1.68,194,144,56,1.23,886,3,1,17.25,high
56,Female,50.6,1.7,175,146,58,1.29,848,2,1,17.51,high
20,Female,72.6,1.73,199,160,68,1.27,1016,3,2,24.26,high
30,Female,70.4,1.56,171,125,62,1.03,644,4,2,28.93,medium
45,Male,52.5,1.88,194,153,71,1.08,818,4,2,14.85,high
37,Male,76.3,1.77,180,128,57,1.36,957,4,2,24.35,medium
45,Female,41.2,1.58,195,168,71,1.47,1111,2,1,16.5,high
25,Female,55.3,1.76,176,152,67,1.56,1186,4,3,17.85,high
58,Female,49.7,1.67,191,125,72,1.38,776,4,2,17.82,high
56,Male,48.3,1.87,165,156,51,0.68,525,3,1,13.81,high
18,Male,83.2,1.96,183,150,67,1.83,1510,4,3,21.66,medium
20,Male,120.5,1.73,186,153,67,1.01,850,3,2,40.26,high
30,Male,121.6,2,179,160,60,1.24,1091,4,2,30.4,high
45,Female,73,1.75,184,148,50,1.14,759,4,2,23.84,high
42,Female,57.5,1.67,161,133,63,1.76,1053,5,3,20.62,medium
50,Female,42.7,1.53,168,155,65,1.41,983,4,2,18.24,high
55,Male,129.9,1.73,187,155,60,0.69,529,3,1,43.4,high
23,Male,108.6,1.92,197,134,50,0.89,656,2,1,29.46,medium
49,Male,88.6,2,162,127,56,1.83,1150,4,3,22.15,medium
38,Female,49.7,1.51,179,145,65,1.25,906,3,1,21.8,high
33,Female,56.4,1.54,165,155,63,1.06,822,3,1,23.78,high
38,Male,46.9,1.74,198,167,64,1.03,946,4,2,15.49,high
28,Female,71.3,1.67,192,140,63,1.46,1022,4,2,25.57,medium
54,Male,71.6,1.86,160,147,70,1.14,830,3,2,20.7,high
53,Male,82.3,1.61,196,123,60,1.87,1139,5,3,31.75,medium
52,Female,70.6,1.69,165,135,65,1.36,826,3,1,24.72,high
36,Male,109.8,1.62,193,141,68,0.84,651,3,1,41.84,high
37,Female,73.5,1.69,174,131,66,0.54,354,2,1,25.73,medium
35,Male,85.6,1.85,185,135,55,1.78,1322,5,3,25.01,medium
58,Female,74.6,1.68,173,159,60,1.03,737,4,2,26.43,high
31,Female,63.2,1.8,166,157,66,0.59,463,2,1,19.51,high
32,Female,62.6,1.63,190,161,58,1.67,1344,5,3,23.56,high
48,Male,87.1,1.76,183,156,67,1.81,1398,5,3,28.12,high
18,Male,82.3,1.84,190,148,66,1.73,1408,5,3,24.31,medium
20,Female,64.3,1.78,188,137,61,1.71,1171,4,3,20.29,medium
33,Female,53.7,1.66,191,129,72,1.25,806,3,1,19.49,medium
40,Male,63,2,176,161,71,1.42,1257,4,2,15.75,high
28,Male,128.4,1.86,173,158,71,1.06,921,4,2,37.11,high
29,Male,88,1.89,199,137,54,1.75,1319,5,3,24.64,medium
27,Female,63.7,1.52,195,120,60,1.19,714,4,2,27.57,low
49,Male,83.7,1.87,183,158,53,1.29,1009,4,2,23.94,high
33,Male,102.6,1.75,186,140,53,1.4,1078,3,2,33.5,medium
25,Female,77.7,1.55,184,120,52,0.55,330,2,1,32.34,low
55,Male,87.5,1.88,191,134,73,1.19,789,4,2,24.76,high
29,Male,87,1.86,177,123,72,1.52,1028,4,3,25.15,medium
41,Male,82.8,1.66,177,139,74,1.97,1355,5,3,30.05,high
45,Female,65.4,1.68,196,129,66,0.76,441,3,1,23.17,medium
25,Female,47.2,1.71,185,142,56,0.89,632,2,1,16.14,medium
45,Female,58.2,1.7,168,160,53,0.95,684,3,1,20.14,high
53,Female,73.5,1.55,194,153,72,1.17,806,4,2,30.59,high
43,Female,55.2,1.73,167,165,62,1.67,1240,5,3,18.44,high
25,Female,64.4,1.71,179,167,61,1.12,935,3,1,22.02,high
45,Female,73.5,1.74,181,152,50,1.18,807,4,2,24.28,high
45,Male,89.6,1.81,178,153,70,1.7,1287,5,3,27.35,high
54,Male,86.5,1.76,189,158,68,1.48,1158,3,2,27.92,high
58,Female,46.1,1.67,187,129,70,1.28,743,4,2,16.53,high
53,Male,68.5,1.97,194,139,69,1.3,894,3,2,17.65,high
44,Male,94.6,1.84,170,120,67,1.26,748,4,2,27.94,medium
34,Female,54.2,1.52,190,132,60,1.13,746,3,1,23.46,medium
26,Male,47.7,1.77,198,120,69,1.15,759,3,2,15.23,low
50,Male,52.2,1.84,195,124,52,1.38,847,4,2,15.42,medium
37,Male,88.8,1.95,189,135,66,1.58,1173,5,3,23.35,medium
30,Male,101,1.68,182,134,61,1.46,1076,4,2,35.79,medium
45,Male,118.4,1.95,178,168,59,1.06,881,3,2,31.14,high
46,Female,47.9,1.72,171,147,57,1.41,933,3,1,16.19,high
30,Female,51.5,1.74,174,150,64,1.08,810,3,2,17.01,high
52,Female,79.9,1.51,190,142,54,0.75,479,3,1,35.04,high
23,Male,121.3,1.85,196,167,53,0.72,661,2,1,35.44,high
35,Female,78.9,1.64,196,164,70,1.28,1050,4,2,29.34,high
22,Male,88.5,1.62,174,162,69,1.88,1675,5,3,33.72,high
42,Male,73.5,1.63,188,136,68,0.52,350,3,1,27.66,high
19,Male,127.9,1.93,185,168,70,1.27,1173,4,2,34.34,high
27,Male,88.5,1.98,161,153,53,1.8,1515,4,3,22.57,high
47,Female,43.4,1.62,179,132,64,0.51,303,3,1,16.54,high
22,Female,42.8,1.56,174,133,66,1.47,978,3,2,17.59,medium
50,Male,64.5,1.79,163,130,61,1.17,753,4,2,20.13,high
18,Female,50.7,1.53,181,147,52,1.29,948,3,2,21.66,medium
35,Male,59.2,1.66,197,161,59,1.3,1151,3,1,21.48,high
49,Female,78.9,1.73,182,151,64,1.38,938,2,1,26.36,high
28,Female,78.7,1.63,185,154,59,1.1,847,3,2,29.62,high
38,Male,68.7,1.92,170,150,73,1.31,1081,4,2,18.64,high
43,Female,53.1,1.59,187,136,72,0.82,502,2,1,21,high
42,Male,64.8,1.65,161,166,67,1.1,904,3,2,23.8,high
39,Female,50.3,1.61,167,128,50,1.17,749,2,1,19.41,medium
44,Male,102.3,1.63,188,129,52,1.34,856,4,2,38.5,medium
30,Male,62.9,1.92,170,127,70,1.13,789,2,1,17.06,medium
50,Female,56.5,1.6,196,140,61,1.88,1184,5,3,22.07,high
51,Female,74.6,1.55,177,132,50,0.71,422,2,1,31.05,high
58,Male,52,1.79,173,169,52,1.12,937,3,1,16.23,high
52,Female,52.1,1.67,169,124,52,1.5,837,2,1,18.68,medium
18,Female,72.2,1.54,194,125,54,0.97,606,2,1,30.44,low
38,Male,85.8,1.8,168,149,68,1.72,1410,4,3,26.48,high
23,Male,81.4,1.85,194,150,74,1.6,1320,4,3,23.78,high
45,Female,50.9,1.65,170,136,50,1.45,887,2,1,18.7,high
34,Male,52,1.78,171,130,53,1.38,987,4,2,16.41,medium
22,Male,71,1.93,162,139,53,1.42,1086,4,2,19.06,medium
48,Male,80.6,1.77,198,167,66,1.51,1248,4,3,25.73,high
22,Female,58.3,1.72,173,128,63,1,640,3,2,19.71,medium
55,Female,63,1.7,187,121,67,1.32,719,3,1,21.8,medium
20,Male,111,1.94,170,156,50,1.02,875,4,2,29.49,high
40,Female,52.6,1.66,198,120,71,1.27,762,3,2,19.09,medium
54,Male,116.4,2,184,123,65,1.13,688,3,1,29.1,medium
54,Female,75.6,1.61,180,155,52,1.41,983,4,2,29.17,high
27,Male,61.6,1.8,169,144,72,1.48,1172,2,1,19.01,medium
27,Male,108,1.8,174,122,70,1.38,926,4,2,33.33,low
36,Female,59.3,1.75,178,128,58,0.99,634,3,1,19.36,medium
34,Male,75.7,1.94,181,141,72,1.18,915,4,2,20.11,medium
38,Female,56.3,1.6,180,142,53,1.21,859,4,2,21.99,high
31,Female,58.2,1.73,191,131,70,1.17,766,3,2,19.45,medium
26,Male,55.7,1.68,182,129,54,1.13,802,3,1,19.73,medium
18,Male,125.9,1.67,172,153,60,1.46,1229,3,2,45.14,medium
30,Female,62.7,1.67,164,162,70,1.02,826,4,2,22.48,high
21,Male,86.6,1.86,163,129,58,1.37,972,3,2,25.03,medium
18,Male,64.5,1.82,187,149,52,1.2,983,3,2,19.47,medium
57,Male,76.6,1.86,173,141,55,1.14,796,4,2,22.14,high
49,Male,81.4,1.83,167,125,73,1.98,1225,5,3,24.31,medium
51,Male,60.7,1.71,168,169,60,1.14,954,2,1,20.76,high
45,Female,57.2,1.55,194,121,58,1.67,909,5,3,23.81,medium
48,Female,73,1.59,196,149,64,1.19,798,3,2,28.88,high
25,Male,123.8,1.99,180,121,72,1.13,752,3,1,31.26,low
56,Male,93.6,1.66,177,151,52,1.37,1024,2,1,33.97,high
43,Male,76.8,1.92,192,161,50,1.24,988,3,1,20.83,high
51,Female,54.7,1.53,167,135,69,1.11,674,4,2,23.37,high
20,Male,92.3,1.94,176,131,71,1.14,821,3,2,24.52,medium
29,Female,71.8,1.55,190,120,68,1.2,720,4,2,29.89,low
18,Female,66.9,1.57,193,127,63,1.07,679,3,2,27.14,low
22,Female,48.7,1.76,165,167,66,1.37,1144,4,2,15.72,high
47,Male,66.2,1.71,181,169,71,1.42,1188,3,1,22.64,high
47,Female,40,1.76,173,132,63,0.8,475,3,1,12.91,high
34,Male,112.4,1.85,162,134,66,1.18,870,4,2,32.84,medium
40,Female,70,1.55,171,163,74,0.85,693,3,1,29.14,high
32,Male,84,1.74,195,127,63,1.45,1013,3,1,27.74,medium
54,Female,43.8,1.65,171,129,61,1.29,749,4,2,16.09,high
38,Male,123.3,1.62,161,165,65,1.34,1216,4,2,46.98,high
31,Female,57.9,1.56,161,124,50,1.8,1116,5,3,23.79,medium
19,Male,82.4,1.96,174,169,62,1.9,1766,5,3,21.45,high
28,Male,84.8,1.79,182,138,55,1.35,1025,4,2,26.47,medium
56,Male,109.6,1.66,188,166,66,1.29,1060,3,2,39.77,high
55,Male,86.4,1.77,176,157,61,1,777,3,2,27.58,high
51,Female,63.9,1.8,191,130,72,1.07,626,4,2,19.72,high
55,Female,70.8,1.62,166,162,68,0.54,394,3,1,26.98,high
51,Male,115.3,1.67,189,139,55,1.38,950,3,2,41.34,high
35,Female,55.3,1.56,187,139,56,1.71,1188,5,3,22.72,medium
47,Male,73.9,1.8,173,140,50,1.36,942,3,1,22.81,high
32,Male,97.3,1.96,189,137,50,1.36,1025,3,2,25.33,medium
44,Female,60.4,1.65,176,169,54,1.27,966,4,2,22.19,high
51,Male,49.3,1.61,191,129,55,1.36,868,2,1,19.02,high
55,Male,91.8,1.78,165,153,65,1.44,1091,3,1,28.97,high
50,Female,73.6,1.55,183,145,74,0.89,581,3,1,30.63,high
41,Male,47.1,1.78,165,149,65,1.26,929,3,1,14.87,high
32,Male,65.2,1.62,186,128,63,0.58,408,2,1,24.84,medium
47,Male,87.2,1.64,177,165,50,2,1634,4,3,32.42,high
59,Male,96.7,1.71,183,150,62,0.57,423,3,1,33.07,high
34,Female,46.9,1.61,196,161,69,1.02,821,3,2,18.09,high
22,Female,72.1,1.62,183,123,59,1.38,849,3,1,27.47,low
46,Female,62.5,1.54,197,125,73,1.61,906,4,3,26.35,medium
21,Male,110.7,1.69,193,133,59,1.06,775,3,1,38.76,medium
27,Male,102.6,1.83,199,123,58,1.41,954,3,2,30.64,low
34,Female,64.3,1.62,174,145,62,1.76,1276,5,3,24.5,high
27,Male,80.7,1.61,170,166,52,1.75,1598,4,3,31.13,high
34,Male,115.3,1.81,181,167,67,1.36,1249,2,1,35.19,high
37,Male,87.8,1.69,183,158,69,1.81,1573,5,3,30.74,high
41,Male,74.3,1.61,160,136,51,1.06,714,4,2,28.66,medium
22,Female,78.5,1.7,177,138,66,1.36,938,4,2,27.16,medium
51,Female,77.3,1.58,171,168,68,0.97,733,2,1,30.96,high
23,Female,64.5,1.7,187,125,72,0.51,319,2,1,22.32,low
19,Male,72,1.94,199,148,62,1.17,952,3,2,19.13,medium
30,Female,77.9,1.77,166,130,62,1.41,916,4,2,24.87,medium
28,Female,69.6,1.58,182,135,50,1.49,1006,3,2,27.88,medium
40,Male,68.9,1.99,180,149,51,1.16,951,4,2,17.4,high
33,Male,45.9,1.89,193,144,50,1.45,1148,3,2,12.85,high
48,Female,68.2,1.69,170,159,73,0.75,537,3,1,23.88,high
28,Female,79.6,1.59,181,130,54,1.49,968,3,2,31.49,medium
33,Female,53.6,1.52,194,126,73,1.02,643,2,1,23.2,medium
25,Female,57.7,1.58,188,145,52,1.36,986,3,2,23.11,medium
21,Male,74.2,1.93,187,141,56,1.32,1024,3,2,19.92,medium
57,Female,64.4,1.56,177,144,73,1.52,985,5,3,26.46,high
21,Female,54.9,1.78,173,138,71,0.55,380,2,1,17.33,medium
42,Male,50.3,1.64,177,150,62,0.63,468,3,1,18.7,high
20,Female,46.5,1.68,187,145,72,0.91,660,2,1,16.48,medium
49,Male,57.8,1.99,183,161,67,0.93,741,3,1,14.6,high
20,Male,83,1.8,167,160,73,0.79,695,2,1,25.62,high
44,Male,82.5,1.79,167,155,70,1.51,1159,5,3,25.75,high
46,Female,66.5,1.73,163,142,56,1.11,709,3,1,22.22,high
49,Female,70.2,1.67,186,166,50,0.93,695,3,1,25.17,high
36,Male,121.9,1.93,195,132,54,1.49,1082,3,2,32.73,medium
38,Female,70.3,1.52,164,144,66,1.19,857,4,2,30.43,high
22,Female,40.3,1.56,192,121,57,1.45,877,4,2,16.56,low
35,Male,101.4,1.76,193,121,64,0.84,559,2,1,32.74,medium
45,Male,79.2,1.95,189,135,69,1.47,982,3,2,20.83,high
59,Female,75.8,1.77,167,128,53,1.46,841,3,1,24.19,high
39,Male,71.7,1.88,198,147,51,0.55,445,2,1,20.29,high
38,Female,57.7,1.56,185,132,54,1.64,1082,5,3,23.71,medium
23,Female,47.4,1.6,196,154,50,0.76,585,3,1,18.52,high
18,Female,57.2,1.75,193,160,74,1.29,1032,3,2,18.68,high
22,Female,44.8,1.72,166,132,54,1.48,977,4,2,15.14,medium
58,Male,90.2,1.72,199,150,55,0.9,668,2,1,30.49,high
29,Male,84.9,1.72,187,140,51,1.79,1378,4,3,28.7,medium
43,Male,95.7,1.77,198,151,50,1.08,807,3,1,30.55,high
51,Male,59,1.65,198,153,53,1.22,924,3,2,21.67,high
31,Female,60.5,1.77,187,127,56,1.72,1092,4,3,19.31,medium
43,Female,53.8,1.72,173,160,71,1.03,742,4,2,18.19,high
44,Male,86.6,1.97,197,167,50,1.66,1372,5,3,22.31,high
26,Female,72.8,1.67,163,121,50,1.37,829,2,1,26.1,low
43,Female,66.3,1.77,177,157,57,1.48,1046,4,2,21.16,high
39,Female,56,1.6,184,151,69,0.89,672,2,1,21.87,high
47,Male,45.9,1.93,166,159,65,1.29,1015,3,2,12.32,high
34,Male,88,1.64,197,147,70,1.9,1536,4,3,32.72,high
43,Male,94,1.79,187,156,62,1.31,1012,2,1,29.34,high
53,Female,44.7,1.79,164,160,72,1.34,965,3,2,13.95,high
18,Male,63.2,1.63,162,120,73,0.66,436,3,1,23.79,low
25,Male,95.6,1.9,190,160,72,1.47,1294,4,2,26.48,high
52,Male,47.8,1.86,179,129,67,1.01,645,3,2,13.82,high
32,Male,85.3,1.64,178,123,69,1.77,1197,4,3,31.71,medium
39,Male,59.7,1.83,170,154,59,1.35,1143,4,2,17.83,high
31,Male,70.2,1.98,199,129,61,0.71,504,2,1,17.91,medium
43,Female,72.7,1.8,162,166,50,0.79,590,3,1,22.44,high
45,Female,50.4,1.79,182,130,59,0.74,433,2,1,15.73,medium
40,Male,81.7,1.74,166,133,58,0.91,666,2,1,26.99,medium
31,Male,49.3,1.62,182,157,52,0.56,484,2,1,18.79,high
41,Female,61.9,1.64,166,131,68,1.93,1138,4,3,23.01,medium
19,Female,49.1,1.68,193,164,58,1.42,1164,4,2,17.4,high
43,Male,66.5,1.83,178,136,59,1.11,747,3,2,19.86,high
31,Male,75.5,1.93,168,135,68,0.6,446,2,1,20.27,medium
24,Male,88.2,1.79,177,154,65,1.76,1491,4,3,27.53,high
20,Male,74.8,1.75,184,121,73,1.33,885,3,2,24.42,low
40,Female,72.2,1.6,173,130,67,0.87,566,3,1,28.2,medium
35,Male,62.8,1.63,184,160,63,1.41,1241,4,2,23.64,high
55,Male,84.7,1.79,178,122,52,1.19,719,3,2,26.43,medium
52,Male,116.5,1.69,198,148,51,0.53,388,2,1,40.79,high
32,Male,77.4,1.92,174,137,50,1.39,1047,3,2,21,medium
42,Female,72.9,1.62,175,139,67,1.17,732,4,2,27.78,high
54,Female,58.4,1.59,186,166,73,1.08,807,2,1,23.1,high
45,Female,64.3,1.54,199,133,58,1.67,999,4,3,27.11,high
27,Male,89.3,1.87,169,153,62,1.62,1363,5,3,25.54,high
56,Male,90.2,1.61,163,168,51,1.38,1148,3,2,34.8,high
34,Female,59,1.62,178,150,56,1.13,847,4,2,22.48,high
56,Male,58.7,1.86,187,159,65,1.09,858,3,2,16.97,high
39,Male,127.5,1.82,180,161,70,1.26,1116,3,2,38.49,high
43,Female,68.6,1.52,173,137,68,1.42,875,4,2,29.69,high
42,Female,56.7,1.53,192,149,74,1.07,717,3,1,24.22,high
34,Female,64.5,1.78,169,144,64,1.33,958,4,2,20.36,high
30,Female,61.6,1.52,178,138,71,1.78,1228,4,3,26.66,medium
37,Male,75.1,1.82,189,127,60,1.23,859,4,2,22.67,medium
42,Male,79.3,1.93,181,147,50,1.22,888,2,1,21.29,high
21,Female,72.6,1.68,162,127,70,1.19,756,3,2,25.72,low
27,Male,76.7,1.7,196,150,56,0.96,792,3,1,26.54,high
20,Female,44.2,1.61,177,122,69,1.08,659,2,1,17.05,low
58,Female,56.5,1.7,170,122,57,0.74,406,2,1,19.55,medium
35,Male,100.9,1.63,161,163,59,1.1,986,2,1,37.98,high
53,Female,55.8,1.55,171,141,54,1.12,711,4,2,23.23,high
39,Male,58.3,1.93,165,136,58,1.35,1010,4,2,15.65,medium
51,Male,48.6,1.77,199,155,74,1.47,1128,2,1,15.51,high
25,Male,81.7,1.95,188,136,74,1.94,1451,4,3,21.49,medium
57,Male,85.6,1.69,189,133,50,1.76,1159,5,3,29.97,high
36,Female,60,1.72,161,128,51,1.63,1043,5,3,20.28,medium
59,Male,126.4,1.69,168,149,68,1.24,915,3,1,44.26,high
58,Female,75.4,1.78,161,140,63,1.05,662,4,2,23.8,high
54,Female,64.2,1.69,188,131,69,1.69,996,4,3,22.48,high
23,Female,65.2,1.62,192,156,59,1.37,1069,3,2,24.84,high
43,Female,70.1,1.66,169,151,58,0.99,673,2,1,25.44,high
51,Male,102.6,1.77,193,130,59,1.21,779,2,1,32.75,high
23,Male,107.2,1.93,167,139,55,1.15,879,4,2,28.78,medium
54,Female,56.5,1.75,196,154,66,1.76,1220,5,3,18.45,high
50,Female,61.6,1.75,192,166,74,1.22,911,4,2,20.11,high
39,Male,81.7,1.75,165,165,55,1.32,1198,4,2,26.68,high
38,Female,76.6,1.58,199,130,53,0.74,481,2,1,30.68,medium
23,Male,116.8,1.79,178,127,69,1,698,4,2,36.45,medium
23,Female,60.1,1.59,191,123,52,1.8,1107,4,3,23.77,low
21,Male,93.7,1.73,186,146,72,1,803,2,1,31.31,medium
47,Female,41.6,1.58,160,163,68,1.03,756,4,2,16.66,high
28,Female,55.1,1.79,192,159,67,1.99,1582,5,3,17.2,high
47,Male,127.1,1.76,199,157,73,0.71,552,2,1,41.03,high
48,Female,69.1,1.6,191,166,53,1.34,1001,4,2,26.99,high
41,Female,66.8,1.74,164,149,57,1.34,898,3,1,22.06,high
26,Male,125.5,1.76,176,163,66,1.15,1031,4,2,40.52,high
20,Female,71.3,1.58,167,167,54,1.07,893,3,2,28.56,high
48,Male,129.2,1.61,193,167,62,1.06,876,4,2,49.84,high
57,Male,96.3,1.86,168,146,74,1.1,795,3,2,27.84,high
54,Female,67.5,1.54,182,140,50,0.72,454,3,1,28.46,high
53,Female,64.4,1.55,194,139,62,1.77,1107,4,3,26.81,high
41,Female,64.9,1.57,166,123,53,1.04,576,4,2,26.33,medium
48,Female,52.3,1.66,174,130,71,0.74,433,3,1,18.98,medium
23,Female,56.7,1.55,179,132,73,1.38,911,4,2,23.6,medium
19,Female,46.8,1.63,184,128,63,1.35,864,4,2,17.61,low
37,Female,70.3,1.77,162,123,52,1.01,621,2,1,22.44,medium
45,Male,80.8,1.76,183,131,54,1.7,1102,4,3,26.08,medium
28,Female,56,1.5,193,128,56,1.94,1242,5,3,24.89,medium
21,Male,101.2,1.84,181,132,50,1.3,944,2,1,29.89,medium
32,Female,56.6,1.57,170,167,72,1.65,1378,4,3,22.96,high
23,Female,40.9,1.75,167,145,61,0.82,594,3,1,13.36,medium
47,Male,127.8,1.65,198,157,60,0.77,598,2,1,46.94,high
55,Female,49.3,1.76,194,161,73,1.28,927,2,1,15.92,high
19,Female,64.3,1.63,197,132,57,1.87,1234,5,3,24.2,medium
32,Male,49.3,1.62,167,158,74,1.18,1025,3,2,18.79,high
28,Female,63,1.62,196,147,55,0.68,500,2,1,24.01,high
25,Female,41.1,1.67,186,138,71,1.03,711,3,2,14.74,medium
43,Female,40.5,1.74,187,143,51,1.5,965,3,2,13.38,high
22,Male,71,1.62,199,138,68,0.91,691,2,1,27.05,medium
23,Female,60.9,1.62,193,168,69,1.59,1336,5,3,23.21,high
43,Female,64.7,1.66,191,132,69,1.88,1117,4,3,23.48,medium
21,Female,51,1.71,174,132,73,1.07,706,3,2,17.44,medium
36,Female,57.7,1.77,176,147,63,1.65,1213,4,3,18.42,high
37,Male,76.9,1.82,192,121,50,1.49,992,4,2,23.22,medium
50,Male,80.5,1.77,175,129,59,1.85,1181,4,3,25.7,medium
37,Female,73.3,1.74,188,141,65,1.03,726,3,2,24.21,high
29,Female,49,1.57,168,132,53,1.33,878,3,2,19.88,medium
18,Male,114.5,1.97,192,128,60,1.03,725,3,1,29.5,low
43,Male,81,1.78,188,152,65,1.58,1189,5,3,25.56,high
31,Female,53.5,1.76,172,133,69,1.22,811,4,2,17.27,medium
55,Male,52.1,1.68,180,167,50,0.77,637,3,1,18.46,high
54,Female,70.1,1.52,180,139,65,0.76,475,2,1,30.34,high
28,Male,86.9,1.78,164,134,68,1.29,951,4,2,27.43,medium
53,Male,73.4,1.76,169,151,70,1.09,815,3,2,23.7,high
30,Male,90,1.66,165,152,71,1.32,1104,4,2,32.66,high
20,Male,85.7,1.92,172,136,58,1.72,1287,5,3,23.25,medium
50,Female,70.4,1.55,160,143,58,0.73,470,2,1,29.3,high
23,Male,57.7,1.71,179,149,58,1.15,942,3,2,19.73,medium
27,Male,75.7,1.76,167,132,66,0.68,494,3,1,24.44,medium
22,Female,61.8,1.52,169,166,61,1.83,1519,5,3,26.75,high
40,Male,80.3,1.76,168,167,74,1.63,1497,5,3,25.92,high
27,Male,104.3,1.68,162,135,62,1.28,950,3,2,36.95,medium
19,Female,65.7,1.58,170,121,57,1.46,883,3,2,26.32,low
30,Male,120.3,1.96,171,136,65,0.66,494,2,1,31.32,medium
57,Female,51.9,1.57,169,151,67,1.05,713,3,2,21.06,high
19,Female,59.1,1.57,184,162,50,1.65,1336,5,3,23.98,high
37,Female,66.9,1.75,184,127,50,1.38,876,4,2,21.84,medium
18,Female,66.9,1.75,170,122,61,0.94,573,2,1,21.84,low
54,Male,78.7,1.66,195,131,55,1.42,921,3,2,28.56,high
26,Female,62.4,1.61,198,139,58,1.88,1307,4,3,24.07,medium
34,Male,102.1,1.71,185,135,72,0.96,713,2,1,34.92,medium
26,Male,51.9,2,173,133,54,0.75,549,2,1,12.97,medium
28,Male,58.3,2,198,135,65,1.32,980,4,2,14.57,medium
32,Male,89.8,1.92,199,168,67,1.93,1783,4,3,24.36,high
41,Male,101.1,1.83,160,162,66,0.79,634,2,1,30.19,high
55,Male,118.6,1.72,163,168,67,0.77,640,3,1,40.09,high
52,Male,84.8,1.85,189,152,50,1.19,895,2,1,24.78,high
47,Male,80,1.77,171,149,68,0.72,531,3,1,25.54,high
48,Male,73.1,1.83,194,131,71,1.05,681,4,2,21.83,high
22,Male,117.3,1.68,172,134,57,1.24,914,3,2,41.56,medium
31,Female,77.4,1.71,190,137,52,1.26,863,4,2,26.47,medium
28,Female,72.9,1.67,197,147,74,1.13,831,3,2,26.14,high
26,Female,71.2,1.5,182,142,54,1.15,816,2,1,31.64,medium
51,Male,88.2,1.62,163,133,72,1.56,1027,4,3,33.61,high
29,Female,75.6,1.8,175,149,57,1.31,976,4,2,23.33,high
52,Female,57.9,1.56,166,152,68,1.66,1135,4,3,23.79,high
52,Female,70.6,1.58,181,164,67,1.02,753,3,2,28.28,high
18,Male,118.6,1.64,188,134,67,0.94,693,3,1,44.1,medium
57,Male,55.7,1.99,170,126,70,1.13,705,3,2,14.07,high
39,Male,102.3,1.94,192,134,50,0.89,656,3,1,27.18,medium
46,Male,72.6,1.87,188,161,64,1.31,1044,4,2,20.76,high
25,Female,63.8,1.68,198,165,67,0.95,784,2,1,22.6,high
28,Female,67.3,1.67,171,157,74,0.61,479,3,1,24.13,high
58,Female,59.3,1.58,166,165,56,1.97,1463,4,3,23.75,high
54,Female,70.7,1.57,198,163,65,1.14,836,3,1,28.68,high
31,Male,86.9,1.69,185,130,65,1.72,1230,4,3,30.43,medium
47,Male,98.2,1.9,199,148,64,0.76,557,3,1,27.2,high
52,Male,63.6,1.62,168,150,55,1.3,965,4,2,24.23,high
38,Female,45.2,1.68,193,144,58,1.01,727,3,2,16.01,high
54,Male,117.2,1.62,172,143,56,1.04,736,4,2,44.66,high
22,Male,107.4,1.74,195,138,63,1.34,1017,2,1,35.47,medium
36,Female,59.1,1.78,184,121,60,0.85,514,2,1,18.65,medium
31,Female,53.3,1.64,183,141,70,0.57,402,3,1,19.82,medium
43,Male,46.2,1.63,176,139,65,1.18,812,2,1,17.39,high
21,Male,67,1.61,161,152,74,1.32,1104,3,2,25.85,high
42,Male,86.3,1.77,172,127,55,1.77,1113,4,3,27.55,medium
59,Male,85.5,1.67,190,144,71,1.99,1418,5,3,30.66,high
42,Male,70.2,1.87,188,165,65,1.38,1127,3,2,20.07,high
35,Male,127.1,1.62,187,128,69,1.02,718,4,2,48.43,medium
57,Female,75.6,1.67,186,153,65,1.05,723,3,2,27.11,high
25,Female,62.6,1.65,174,142,61,1.2,852,3,1,22.99,medium
56,Female,55.7,1.53,190,124,66,1.91,1066,5,3,23.79,medium
57,Male,96.1,1.74,199,144,54,1.21,862,3,2,31.74,high
31,Female,76.7,1.62,174,127,74,1.39,883,4,2,29.23,medium
49,Male,57.2,1.89,192,135,62,1.14,762,2,1,16.01,high
55,Male,69.9,1.81,179,167,57,1.2,992,4,2,21.34,high
50,Female,67.9,1.77,171,164,73,1.03,760,3,2,21.67,high
40,Male,87.9,1.87,196,134,54,1.96,1445,5,3,25.14,medium
32,Male,102.8,1.98,168,120,61,1.24,818,3,2,26.22,low
50,Female,51.8,1.5,182,141,58,1.32,838,3,1,23.02,high
42,Female,57.7,1.57,167,122,52,1.83,1005,4,3,23.41,medium
34,Female,66.5,1.69,191,157,52,0.81,636,3,1,23.28,high
50,Male,95.4,1.61,173,133,50,1.16,764,4,2,36.8,high
19,Female,69.2,1.6,186,155,74,1.17,907,3,1,27.03,high
31,Female,66.6,1.67,184,137,71,1.02,699,4,2,23.88,medium
57,Male,83.4,1.65,172,166,67,1.57,1290,4,3,30.63,high
57,Female,43.8,1.75,180,160,73,1.39,1001,2,1,14.3,high
56,Female,64.2,1.69,190,137,61,1.99,1227,5,3,22.48,high
23,Female,44.1,1.62,196,122,58,0.58,354,2,1,16.8,low
23,Male,87.3,1.91,164,129,58,1.87,1327,5,3,23.93,medium
20,Male,55,1.6,172,168,67,1.12,1035,4,2,21.48,high
24,Male,87.1,1.74,187,158,67,1.57,1364,4,3,28.77,high
25,Male,66.6,1.61,184,166,56,1.38,1260,2,1,25.69,high
59,Female,60.4,1.76,194,120,53,1.72,929,5,3,19.5,medium
32,Male,126.4,1.83,198,146,62,1.1,883,3,2,37.74,high
46,Male,88.7,1.63,166,146,66,0.75,542,2,1,33.38,high
